symbol,timestamp,open,high,low,close,volume,trade_count,vwap
SHIB/USD,2023-03-14 05:00:00+00:00,1.15e-05,1.156e-05,1.095e-05,1.135e-05,19299266203.0,724.0,1.12947e-05
SHIB/USD,2023-03-15 05:00:00+00:00,1.133e-05,1.148e-05,1.016e-05,1.028e-05,40013557760.13339,1475.0,1.05574e-05
SHIB/USD,2023-03-16 05:00:00+00:00,1.0275e-05,1.086e-05,1.023e-05,1.07e-05,20082728719.57143,758.0,1.05547e-05
SHIB/USD,2023-03-17 05:00:00+00:00,1.07e-05,1.151e-05,1.051e-05,1.12e-05,32113309994.63311,1093.0,1.09708e-05
SHIB/USD,2023-03-18 05:00:00+00:00,1.1195e-05,0.00050514,1.063e-05,1.094e-05,25268680421.898495,802.0,1.10194e-05
SHIB/USD,2023-03-19 05:00:00+00:00,1.094e-05,0.004005715,1.04e-05,1.0705e-05,35878391870.0,901.0,1.08769e-05
SHIB/USD,2023-03-20 05:00:00+00:00,1.0705e-05,0.00400539,1.034e-05,1.062e-05,19447685172.32552,768.0,1.06046e-05
SHIB/USD,2023-03-21 05:00:00+00:00,1.062e-05,1.113e-05,1.034e-05,1.093e-05,24819607700.90027,936.0,1.08757e-05
SHIB/USD,2023-03-22 05:00:00+00:00,1.093e-05,0.005005435,1.021e-05,1.0615e-05,24348739449.090908,990.0,1.07191e-05
SHIB/USD,2023-03-23 05:00:00+00:00,1.0625e-05,0.00500567,1.06e-05,1.077e-05,14182320623.664864,750.0,1.08066e-05
SHIB/USD,2023-03-24 05:00:00+00:00,1.0775e-05,0.005005595,1.004e-05,1.064e-05,14108697647.005415,1114.0,1.06092e-05
SHIB/USD,2023-03-25 05:00:00+00:00,1.064e-05,0.005005315,1.038e-05,1.055e-05,9554359253.441673,496.0,1.0583e-05
SHIB/USD,2023-03-26 05:00:00+00:00,1.055e-05,0.00385527,1.0495e-05,1.059e-05,7376434540.738585,402.0,1.05942e-05
SHIB/USD,2023-03-27 05:00:00+00:00,1.0595e-05,0.003855515,1.0215e-05,1.0375e-05,20754928591.156887,956.0,1.04559e-05
SHIB/USD,2023-03-28 05:00:00+00:00,1.0375e-05,0.00385519,1.027e-05,1.0605e-05,14346166967.975138,698.0,1.04093e-05
SHIB/USD,2023-03-29 05:00:00+00:00,1.0605e-05,0.003855695,1.052e-05,1.07e-05,21643003443.632595,899.0,1.06799e-05
SHIB/USD,2023-03-30 05:00:00+00:00,1.0695e-05,0.00385533,1.0405e-05,1.0665e-05,16955882342.321947,663.0,1.05551e-05
SHIB/USD,2023-03-31 05:00:00+00:00,1.0665e-05,0.003855405,1.017e-05,1.093e-05,19628799026.44406,825.0,1.07367e-05
SHIB/USD,2023-04-01 05:00:00+00:00,1.093e-05,0.003855645,1.0685e-05,1.135e-05,44339475034.06416,2418.0,1.12402e-05
SHIB/USD,2023-04-02 05:00:00+00:00,1.135e-05,0.00385559,1.042e-05,1.0695e-05,29291201735.028343,1071.0,1.08768e-05
SHIB/USD,2023-04-03 05:00:00+00:00,1.0695e-05,0.00385563,1.061e-05,1.119e-05,95865625365.99652,3981.0,1.11791e-05
SHIB/USD,2023-04-04 05:00:00+00:00,1.119e-05,0.00385569,1.084e-05,1.137e-05,56901039935.294235,7767.0,1.13425e-05
SHIB/USD,2023-04-05 05:00:00+00:00,1.137e-05,0.003855675,1.065e-05,1.1055e-05,29416793784.304604,4154.0,1.12305e-05
SHIB/USD,2023-04-06 05:00:00+00:00,1.1055e-05,0.00385578,1.085e-05,1.0975e-05,18431493336.73267,1869.0,1.10107e-05
SHIB/USD,2023-04-07 05:00:00+00:00,1.0975e-05,0.00385545,1.083e-05,1.1e-05,19018749041.11297,755.0,1.0937e-05
SHIB/USD,2023-04-08 05:00:00+00:00,1.1e-05,0.003855505,1.078e-05,1.0895e-05,18614745789.98957,925.0,1.09335e-05
SHIB/USD,2023-04-09 05:00:00+00:00,1.0895e-05,0.003855705,1.08e-05,1.0915e-05,10108556093.915445,488.0,1.09271e-05
SHIB/USD,2023-04-10 05:00:00+00:00,1.091e-05,0.003855725,1.047e-05,1.115e-05,20777815471.81627,892.0,1.10314e-05
SHIB/USD,2023-04-11 05:00:00+00:00,1.1155e-05,0.003855585,1.063e-05,1.0795e-05,35616840217.12803,1205.0,1.10271e-05
SHIB/USD,2023-04-12 05:00:00+00:00,1.079e-05,0.003855475,1.067e-05,1.094e-05,27110528237.731785,961.0,1.09181e-05
SHIB/USD,2023-04-13 05:00:00+00:00,1.0945e-05,0.00385546,1.088e-05,1.1395e-05,44246322078.27536,2587.0,1.11411e-05
SHIB/USD,2023-04-14 05:00:00+00:00,1.139e-05,0.00385569,1.098e-05,1.1145e-05,72096273317.0324,3249.0,1.11796e-05
SHIB/USD,2023-04-15 05:00:00+00:00,1.1155e-05,0.003855865,1.1125e-05,1.1635e-05,30333199990.057476,2775.0,1.15332e-05
SHIB/USD,2023-04-16 05:00:00+00:00,1.1635e-05,1.1745e-05,1.1215e-05,1.143e-05,36339064355.11986,3916.0,1.15429e-05
SHIB/USD,2023-04-17 05:00:00+00:00,1.143e-05,1.1795e-05,1.123e-05,1.145e-05,28512019972.768517,2095.0,1.1419e-05
SHIB/USD,2023-04-18 05:00:00+00:00,1.145e-05,0.003855755,1.139e-05,1.1515e-05,23430996059.865532,2129.0,1.15568e-05
SHIB/USD,2023-04-19 05:00:00+00:00,1.1515e-05,0.003855755,1.066e-05,1.094e-05,47643923475.59871,1875.0,1.10208e-05
SHIB/USD,2023-04-20 05:00:00+00:00,1.0955e-05,0.003855485,1.04e-05,1.0585e-05,29683356315.13385,1151.0,1.07119e-05
SHIB/USD,2023-04-21 05:00:00+00:00,1.0585e-05,0.00385533,1.005e-05,1.0345e-05,29436370282.757324,1090.0,1.03968e-05
SHIB/USD,2023-04-22 05:00:00+00:00,1.0345e-05,0.00385551,1.02e-05,1.042e-05,25246292034.881893,943.0,1.04163e-05
SHIB/USD,2023-04-23 05:00:00+00:00,1.042e-05,0.00385538,1.01e-05,1.038e-05,15692448153.408297,713.0,1.03508e-05
SHIB/USD,2023-04-24 05:00:00+00:00,1.0375e-05,1.041e-05,1.0125e-05,1.025e-05,11957424956.415602,574.0,1.02974e-05
SHIB/USD,2023-04-25 05:00:00+00:00,1.025e-05,0.00385512,1.009e-05,1.038e-05,18215186731.33145,915.0,1.02795e-05
SHIB/USD,2023-04-26 05:00:00+00:00,1.038e-05,1.203e-05,9.765e-06,1.0325e-05,43564408477.87593,1745.0,1.03304e-05
SHIB/USD,2023-04-27 05:00:00+00:00,1.0325e-05,1.165e-05,1.015e-05,1.0285e-05,13127908081.885601,836.0,1.02741e-05
SHIB/USD,2023-04-28 05:00:00+00:00,1.0285e-05,1.1895e-05,1.012e-05,1.0325e-05,15964764590.702736,714.0,1.02541e-05
SHIB/USD,2023-04-29 05:00:00+00:00,1.033e-05,1.165e-05,1.022e-05,1.0275e-05,14497831349.930614,528.0,1.02836e-05
SHIB/USD,2023-04-30 05:00:00+00:00,1.0265e-05,1.182e-05,9.63e-06,1.0065e-05,28154406870.26407,964.0,1.01413e-05
SHIB/USD,2023-05-01 05:00:00+00:00,1.0065e-05,1.1775e-05,9.78e-06,9.885e-06,35745671388.04661,1201.0,9.9142e-06
SHIB/USD,2023-05-02 05:00:00+00:00,9.89e-06,1.149e-05,9.54e-06,9.955e-06,18998408551.21544,732.0,9.9879e-06
SHIB/USD,2023-05-03 05:00:00+00:00,9.955e-06,1.1545e-05,9.46e-06,1.0065e-05,15706356204.678093,854.0,9.9853e-06
SHIB/USD,2023-05-04 05:00:00+00:00,1.0075e-05,1.149e-05,9.87e-06,9.965e-06,15355883759.7347,1955.0,9.9793e-06
SHIB/USD,2023-05-05 05:00:00+00:00,9.965e-06,1.1475e-05,9.45e-06,9.935e-06,21549368951.10738,1246.0,9.9595e-06
SHIB/USD,2023-05-06 05:00:00+00:00,9.935e-06,1.145e-05,4e-08,9.445e-06,57142981297.97803,1683.0,7.8986e-06
SHIB/USD,2023-05-07 05:00:00+00:00,9.445e-06,1.1545e-05,9.065e-06,9.245e-06,25448900529.905674,1593.0,9.4534e-06
SHIB/USD,2023-05-08 05:00:00+00:00,9.245e-06,1.131e-05,8.49e-06,8.99e-06,35288496695.36678,2850.0,8.993e-06
SHIB/USD,2023-05-09 05:00:00+00:00,8.99e-06,1.129e-05,8.59e-06,8.985e-06,25700972083.02198,2286.0,9.0526e-06
SHIB/USD,2023-05-10 05:00:00+00:00,8.985e-06,1.1295e-05,8.46e-06,8.9e-06,14809798376.762253,893.0,8.9952e-06
SHIB/USD,2023-05-11 05:00:00+00:00,8.9e-06,1.1e-05,8.54e-06,8.645e-06,17184801006.40357,952.0,8.7145e-06
SHIB/USD,2023-05-12 05:00:00+00:00,8.645e-06,1.1045e-05,8.5e-06,8.795e-06,15632047207.490305,1646.0,8.7438e-06
SHIB/USD,2023-05-13 05:00:00+00:00,8.795e-06,1.0885e-05,8.64e-06,8.765e-06,13230365846.993412,3039.0,8.7225e-06
SHIB/USD,2023-05-14 05:00:00+00:00,8.77e-06,0.00385442,8.685e-06,8.83e-06,6679749603.030835,508.0,8.8041e-06
SHIB/USD,2023-05-15 05:00:00+00:00,8.83e-06,0.00385436,8.68e-06,8.795e-06,12915811163.00573,649.0,8.8534e-06
SHIB/USD,2023-05-16 05:00:00+00:00,8.795e-06,0.003854645,8.32e-06,8.83e-06,13098493773.92496,708.0,8.7622e-06
SHIB/USD,2023-05-17 05:00:00+00:00,8.83e-06,0.00385462,8.59e-06,8.775e-06,15666186079.91175,3340.0,8.7477e-06
SHIB/USD,2023-05-18 05:00:00+00:00,8.775e-06,0.00385438,8.25e-06,8.705e-06,10747680922.455317,722.0,8.6526e-06
SHIB/USD,2023-05-19 05:00:00+00:00,8.705e-06,0.00385433,7.75e-06,8.685e-06,9470622496.270842,542.0,8.6766e-06
SHIB/USD,2023-05-20 05:00:00+00:00,8.685e-06,0.00385435,8.54e-06,8.715e-06,5346815563.888844,2444.0,8.6993e-06
SHIB/USD,2023-05-21 05:00:00+00:00,8.715e-06,0.003854255,8.41e-06,8.53e-06,8208543887.381237,513.0,8.5375e-06
SHIB/USD,2023-05-22 05:00:00+00:00,8.535e-06,0.00385461,8.51e-06,8.895e-06,13263677224.740961,747.0,8.7595e-06
SHIB/USD,2023-05-23 05:00:00+00:00,8.895e-06,0.00385467,8.36e-06,8.74e-06,15770369274.934011,671.0,8.843e-06
SHIB/USD,2023-05-24 05:00:00+00:00,8.74e-06,0.003854555,8.31e-06,8.47e-06,13197422745.793272,745.0,8.5276e-06
SHIB/USD,2023-05-25 05:00:00+00:00,8.47e-06,0.003854485,8.4e-06,8.49e-06,9777789802.364473,2909.0,8.4963e-06
SHIB/USD,2023-05-26 05:00:00+00:00,8.49e-06,0.00385446,8.14e-06,8.595e-06,17514122305.813244,1836.0,8.5184e-06
SHIB/USD,2023-05-27 05:00:00+00:00,8.595e-06,0.003854665,8e-06,8.815e-06,9722821804.079931,2680.0,8.6396e-06
SHIB/USD,2023-05-28 05:00:00+00:00,8.815e-06,0.003854585,8e-06,8.77e-06,19797835367.684517,2903.0,8.8081e-06
SHIB/USD,2023-05-29 05:00:00+00:00,8.78e-06,0.00385457,8.65e-06,8.665e-06,5694482152.641468,3863.0,8.7749e-06
SHIB/USD,2023-05-30 05:00:00+00:00,8.68e-06,8.82e-06,8.28e-06,8.56e-06,12718763960.210468,4528.0,8.6768e-06
SHIB/USD,2023-05-31 05:00:00+00:00,8.555e-06,0.00385447,7.98e-06,8.51e-06,20378718632.752853,852.0,8.5097e-06
SHIB/USD,2023-06-01 05:00:00+00:00,8.51e-06,0.003854245,8.26e-06,8.48e-06,11691756624.416712,646.0,8.4709e-06
SHIB/USD,2023-06-02 05:00:00+00:00,8.49e-06,0.003854495,8.41e-06,8.63e-06,9288585740.149769,557.0,8.5491e-06
SHIB/USD,2023-06-03 05:00:00+00:00,8.63e-06,9.04e-06,8.17e-06,8.64e-06,5793968701.622076,425.0,8.6144e-06
SHIB/USD,2023-06-04 05:00:00+00:00,8.64e-06,0.0038542865,8.51e-06,8.53e-06,4949988655.525104,1785.0,8.6214e-06
SHIB/USD,2023-06-05 05:00:00+00:00,8.53e-06,0.00385415,7.755e-06,8.04e-06,37082278942.04295,2537.0,8.0717e-06
SHIB/USD,2023-06-06 05:00:00+00:00,8.04e-06,0.00385422,7.76e-06,8.18e-06,39323325689.46167,1411.0,8.0778e-06
SHIB/USD,2023-06-07 05:00:00+00:00,8.175e-06,0.00385395,7.755e-06,7.885e-06,127410232857.67828,1714.0,8.2025e-06
SHIB/USD,2023-06-08 05:00:00+00:00,7.89e-06,0.00385421,7.73e-06,7.935e-06,31789034229.574852,1421.0,7.8462e-06
SHIB/USD,2023-06-09 05:00:00+00:00,7.935e-06,0.003852985,5.245e-06,6.72e-06,166491450950.76794,5001.0,7.715e-06
SHIB/USD,2023-06-10 05:00:00+00:00,5.94e-06,0.003853725,5.94e-06,6.79e-06,41106466059.21498,2100.0,6.6211e-06
SHIB/USD,2023-06-11 05:00:00+00:00,6.79e-06,0.003853385,6.4e-06,6.61e-06,34147689347.775726,1353.0,6.6989e-06
SHIB/USD,2023-06-12 05:00:00+00:00,6.6e-06,7.18e-06,6.2e-06,6.74e-06,22675429457.886646,1223.0,6.6183e-06
SHIB/USD,2023-06-13 05:00:00+00:00,6.73e-06,9.5e-06,6.41e-06,6.8e-06,14501531261.921204,829.0,7.0098e-06
SHIB/USD,2023-06-14 05:00:00+00:00,6.8e-06,0.00385342,6.43e-06,6.62e-06,437324495.2120387,39.0,6.8642e-06
SHIB/USD,2023-06-15 05:00:00+00:00,6.62e-06,6.92e-06,6.22e-06,6.76e-06,35365181.953103095,34.0,6.6379e-06
SHIB/USD,2023-06-16 05:00:00+00:00,6.76e-06,0.003853395,6.58e-06,6.83e-06,21443187.623998728,22.0,6.7917e-06
SHIB/USD,2023-06-17 05:00:00+00:00,6.83e-06,0.003853445,6.7e-06,6.95e-06,10078267.29345435,11.0,6.8186e-06
SHIB/USD,2023-06-18 05:00:00+00:00,6.95e-06,0.00385378,6.93e-06,7.19e-06,19509722.79066071,19.0,7.3317e-06
SHIB/USD,2023-06-19 05:00:00+00:00,7.19e-06,0.00385362,7.03e-06,7.215e-06,6169466.962497941,9.0,7.1662e-06
SHIB/USD,2023-06-20 05:00:00+00:00,7.21e-06,0.003853895,6.81e-06,7.42e-06,50643178.00144653,44.0,7.2317e-06
SHIB/USD,2023-06-21 05:00:00+00:00,7.41e-06,0.003853775,7.21e-06,8.05e-06,25081255.985734157,27.0,7.4002e-06
SHIB/USD,2023-06-22 05:00:00+00:00,8.055e-06,9.135e-06,7.61e-06,7.92e-06,43698997.50947722,41.0,8.1179e-06
SHIB/USD,2023-06-23 05:00:00+00:00,7.925e-06,8.41e-06,7.705e-06,7.975e-06,36546634.70361806,39.0,8.0158e-06
SHIB/USD,2023-06-24 05:00:00+00:00,7.975e-06,8.98e-06,7.665e-06,7.94e-06,37988824.532659605,25.0,8.234e-06
SHIB/USD,2023-06-25 05:00:00+00:00,7.94e-06,8.915e-06,7.66e-06,7.73e-06,20191100.360645045,22.0,8.0375e-06
SHIB/USD,2023-06-26 05:00:00+00:00,7.725e-06,8.04e-06,7.38e-06,7.605e-06,38124788.37874001,40.0,7.709e-06
SHIB/USD,2023-06-27 05:00:00+00:00,7.61e-06,9e-06,7.455e-06,7.485e-06,32694128.359153386,31.0,7.7465e-06
SHIB/USD,2023-06-28 05:00:00+00:00,7.49e-06,8.848e-06,6.878e-06,7.28e-06,311234942.25071234,186.0,7.308e-06
SHIB/USD,2023-06-29 05:00:00+00:00,7.285e-06,8.002e-06,7.14e-06,7.515e-06,34569378.15569025,31.0,7.408e-06
SHIB/USD,2023-06-30 05:00:00+00:00,7.525e-06,8.81e-06,7.03e-06,7.57e-06,34049084.40310144,36.0,7.3972e-06
SHIB/USD,2023-07-01 05:00:00+00:00,7.57e-06,8.8e-06,7.46e-06,7.54e-06,16409616.331069857,19.0,7.662e-06
SHIB/USD,2023-07-02 05:00:00+00:00,7.53e-06,7.745e-06,7.415e-06,7.7e-06,9184757.084326226,12.0,7.597e-06
SHIB/USD,2023-07-03 05:00:00+00:00,7.7e-06,7.86e-06,7.6e-06,7.755e-06,11036154.791887915,17.0,7.7524e-06
SHIB/USD,2023-07-04 05:00:00+00:00,7.76e-06,8.885e-06,7.605e-06,7.715e-06,17888666.694236353,19.0,7.8106e-06
SHIB/USD,2023-07-05 05:00:00+00:00,7.715e-06,8.974e-06,6.737e-06,7.47e-06,187694857.38624895,108.0,7.8187e-06
SHIB/USD,2023-07-06 05:00:00+00:00,7.465e-06,8.78e-06,6.3835e-06,7.205e-06,311975713.4450618,181.0,7.2447e-06
SHIB/USD,2023-07-07 05:00:00+00:00,7.21e-06,7.47e-06,7.175e-06,7.3e-06,9818330.17595182,14.0,7.3604e-06
SHIB/USD,2023-07-08 05:00:00+00:00,7.29e-06,8.172e-06,7.27e-06,7.765e-06,6142190.572101382,11.0,7.5431e-06
SHIB/USD,2023-07-09 05:00:00+00:00,7.76e-06,7.85e-06,7.286e-06,7.625e-06,19854949.213491414,16.0,7.6276e-06
SHIB/USD,2023-07-10 05:00:00+00:00,7.62e-06,7.938e-06,6.757e-06,7.61e-06,46015554.60074507,36.0,7.5689e-06
SHIB/USD,2023-07-11 05:00:00+00:00,7.61e-06,8.002e-06,7.32e-06,7.54e-06,44154151.98448239,45.0,7.5278e-06
SHIB/USD,2023-07-12 05:00:00+00:00,7.53e-06,8.4105e-06,6.5165e-06,7.465e-06,2066505653.2669399,1051.0,7.5457e-06
SHIB/USD,2023-07-13 05:00:00+00:00,7.465e-06,9.163e-06,7.4e-06,7.955e-06,763286437.4679861,408.0,7.5691e-06
SHIB/USD,2023-07-14 05:00:00+00:00,7.955e-06,9.3625e-06,7.476e-06,8.035e-06,221666656.92591795,148.0,8.2161e-06
SHIB/USD,2023-07-15 05:00:00+00:00,8.035e-06,8.742e-06,7.837e-06,7.985e-06,61345762.77962161,46.0,8.1219e-06
SHIB/USD,2023-07-16 05:00:00+00:00,7.985e-06,8.22e-06,7.69e-06,7.985e-06,51348227.505228855,40.0,7.9606e-06
SHIB/USD,2023-07-17 05:00:00+00:00,7.99e-06,9.058e-06,7.6e-06,7.83e-06,696284560.2913607,372.0,8.0835e-06
SHIB/USD,2023-07-18 05:00:00+00:00,7.83e-06,8.865e-06,7.55e-06,7.795e-06,19101276.40126865,20.0,7.7348e-06
SHIB/USD,2023-07-19 05:00:00+00:00,7.805e-06,9.105e-06,7.5e-06,7.73e-06,64335622.55923031,55.0,7.761e-06
SHIB/USD,2023-07-20 05:00:00+00:00,7.73e-06,8.116e-06,7.58e-06,7.785e-06,30669608.47464036,39.0,7.8215e-06
SHIB/USD,2023-07-21 05:00:00+00:00,7.78e-06,8.915e-06,7.56e-06,7.865e-06,30732496.958459258,39.0,7.7922e-06
SHIB/USD,2023-07-22 05:00:00+00:00,7.865e-06,7.92e-06,7.69e-06,7.825e-06,7391900.641480137,16.0,7.8012e-06
SHIB/USD,2023-07-23 05:00:00+00:00,7.825e-06,7.94e-06,7.725e-06,7.795e-06,9660381.398201898,20.0,7.853e-06
SHIB/USD,2023-07-24 05:00:00+00:00,7.8e-06,8.025e-06,7.56e-06,7.755e-06,5641437.935717767,16.0,7.7647e-06
SHIB/USD,2023-07-25 05:00:00+00:00,7.755e-06,8.04e-06,7.59e-06,7.94e-06,38673843.34879317,50.0,7.8403e-06
SHIB/USD,2023-07-26 05:00:00+00:00,7.945e-06,9.079e-06,7.705e-06,7.89e-06,132570175.86065477,79.0,8.1075e-06
SHIB/USD,2023-07-27 05:00:00+00:00,7.89e-06,9.168e-06,7.419e-06,7.825e-06,903815507.3702474,490.0,8.2234e-06
SHIB/USD,2023-07-28 05:00:00+00:00,7.83e-06,9.3625e-06,7.152e-06,8.225e-06,613574829.0699373,340.0,8.5485e-06
SHIB/USD,2023-07-29 05:00:00+00:00,8.23e-06,9.12e-06,8.125e-06,8.64e-06,199042435.12921774,124.0,8.9204e-06
SHIB/USD,2023-07-30 05:00:00+00:00,8.635e-06,9.357e-06,7.207e-06,8.31e-06,110182645.86676852,78.0,8.3543e-06
SHIB/USD,2023-07-31 05:00:00+00:00,8.315e-06,8.78e-06,7.78e-06,8.245e-06,274949736.6587256,180.0,7.9598e-06
SHIB/USD,2023-08-01 05:00:00+00:00,8.245e-06,8.862e-06,7.814e-06,8.365e-06,179274076.10136896,125.0,8.5488e-06
SHIB/USD,2023-08-02 05:00:00+00:00,8.375e-06,9.31e-06,7.94e-06,8.23e-06,86656271.77324735,84.0,8.4246e-06
SHIB/USD,2023-08-03 05:00:00+00:00,8.23e-06,9.3415e-06,7.951e-06,8.365e-06,135330395.1154705,91.0,8.0523e-06
SHIB/USD,2023-08-04 05:00:00+00:00,8.355e-06,9.5935e-06,7.096e-06,9.015e-06,76708141.0278213,59.0,8.6099e-06
SHIB/USD,2023-08-05 05:00:00+00:00,9.015e-06,1.0636e-05,8.99e-06,9.59e-06,872371475.3409582,465.0,1.05398e-05
SHIB/USD,2023-08-06 05:00:00+00:00,9.585e-06,1.99025e-05,8.3945e-06,9.21e-06,2442865141.6450334,1239.0,9.1859e-06
SHIB/USD,2023-08-07 05:00:00+00:00,9.21e-06,1.033e-05,8.616e-06,9.04e-06,40278612.86079417,37.0,9.0495e-06
SHIB/USD,2023-08-08 05:00:00+00:00,9.04e-06,1.0002e-05,8.905e-06,9.55e-06,10735635.902913937,18.0,9.4964e-06
SHIB/USD,2023-08-09 05:00:00+00:00,9.55e-06,1.11825e-05,9.103e-06,9.81e-06,440257511.9468589,249.0,1.00382e-05
SHIB/USD,2023-08-10 05:00:00+00:00,9.81e-06,1.05015e-05,9.1885e-06,9.93e-06,32662204.983364575,34.0,9.6545e-06
SHIB/USD,2023-08-11 05:00:00+00:00,9.93e-06,1.1366e-05,9.68e-06,1.0795e-05,81337712.86052684,80.0,1.02395e-05
SHIB/USD,2023-08-12 05:00:00+00:00,1.08e-05,1.1718e-05,1.0001e-05,1.074e-05,133259493.20349814,71.0,1.10906e-05
SHIB/USD,2023-08-13 05:00:00+00:00,1.0745e-05,1.1011e-05,9.96e-06,1.021e-05,52338249.58191549,24.0,1.08497e-05
SHIB/USD,2023-08-14 05:00:00+00:00,1.021e-05,1.09495e-05,9.84e-06,1.026e-05,94893228.12174071,59.0,1.04909e-05
SHIB/USD,2023-08-15 05:00:00+00:00,1.0265e-05,1.13295e-05,9.43e-06,1.006e-05,90182327.26910064,69.0,1.03847e-05
SHIB/USD,2023-08-16 05:00:00+00:00,1.006e-05,1.006e-05,8.935e-06,9.245e-06,44596039.407843016,34.0,9.4749e-06
SHIB/USD,2023-08-17 05:00:00+00:00,9.245e-06,1.0002e-05,7.335e-06,8.1e-06,2161331473.7108164,1343.0,8.6085e-06
SHIB/USD,2023-08-18 05:00:00+00:00,8.105e-06,0.003852997,6.963e-06,8.54e-06,1483554616.3382354,772.0,7.9576e-06
SHIB/USD,2023-08-19 05:00:00+00:00,8.54e-06,8.62e-06,8.31e-06,8.43e-06,3133151.444229046,4.0,8.5683e-06
SHIB/USD,2023-08-20 05:00:00+00:00,8.43e-06,8.46e-06,8.145e-06,8.24e-06,3989416.1192846,4.0,8.3318e-06
SHIB/USD,2023-08-21 05:00:00+00:00,8.24e-06,0.003852997,7.775e-06,7.88e-06,18028970.573161818,14.0,8.14e-06
SHIB/USD,2023-08-22 05:00:00+00:00,7.88e-06,8.305e-06,7.62e-06,8.235e-06,255096497.02694538,188.0,8.0967e-06
SHIB/USD,2023-08-23 05:00:00+00:00,8.24e-06,0.003854373,8.11e-06,8.33e-06,32531810.12318495,23.0,8.4955e-06
SHIB/USD,2023-08-24 05:00:00+00:00,8.33e-06,8.694e-06,6.8775e-06,8.03e-06,70535918.12771602,43.0,8.2403e-06
SHIB/USD,2023-08-25 05:00:00+00:00,8.03e-06,8.24e-06,6.8395e-06,8.21e-06,16037361.743656473,14.0,7.9555e-06
SHIB/USD,2023-08-26 05:00:00+00:00,8.21e-06,8.27e-06,7.93e-06,8.12e-06,23858065.205523867,23.0,8.1379e-06
SHIB/USD,2023-08-27 05:00:00+00:00,8.12e-06,8.17e-06,7.9e-06,7.96e-06,0.0,0.0,0.0
SHIB/USD,2023-08-28 05:00:00+00:00,7.955e-06,8.379e-06,7.87e-06,8.16e-06,12024973.147153597,8.0,8.113e-06
SHIB/USD,2023-08-29 05:00:00+00:00,8.16e-06,0.003852997,8.035e-06,8.285e-06,2700000.0,4.0,8.1299e-06
SHIB/USD,2023-08-30 05:00:00+00:00,8.285e-06,8.29e-06,7.2135e-06,8.15e-06,0.0,0.0,0.0
SHIB/USD,2023-08-31 05:00:00+00:00,8.145e-06,0.003854158,6.759e-06,7.99e-06,389972939.6390916,266.0,7.9776e-06
SHIB/USD,2023-09-01 05:00:00+00:00,7.99e-06,0.003854184,7.73e-06,7.92e-06,69599133.16524468,45.0,8.1447e-06
SHIB/USD,2023-09-02 05:00:00+00:00,7.92e-06,7.94e-06,7.77e-06,7.83e-06,0.0,0.0,0.0
SHIB/USD,2023-09-03 05:00:00+00:00,7.84e-06,7.87e-06,7.64e-06,7.75e-06,0.0,0.0,0.0
SHIB/USD,2023-09-04 05:00:00+00:00,7.75e-06,7.77e-06,7.39e-06,7.5e-06,0.0,0.0,0.0
SHIB/USD,2023-09-05 05:00:00+00:00,7.5e-06,7.71e-06,7.47e-06,7.62e-06,900000.0,2.0,7.6726e-06
SHIB/USD,2023-09-06 05:00:00+00:00,7.62e-06,7.785e-06,7.51e-06,7.67e-06,836284.829070188,2.0,7.6209e-06
SHIB/USD,2023-09-07 05:00:00+00:00,7.67e-06,7.71e-06,7.267e-06,7.67e-06,71816454.92513926,38.0,7.3241e-06
SHIB/USD,2023-09-08 05:00:00+00:00,7.67e-06,7.68e-06,7.49e-06,7.6e-06,9999.9999,1.0,7.62e-06
SHIB/USD,2023-09-09 05:00:00+00:00,7.6e-06,7.6375e-06,7.33e-06,7.405e-06,0.0,0.0,0.0
SHIB/USD,2023-09-10 05:00:00+00:00,7.4e-06,7.46e-06,6.8195e-06,7.32e-06,0.0,0.0,0.0
SHIB/USD,2023-09-11 05:00:00+00:00,7.31e-06,0.003852997,6.955e-06,7.19e-06,16125262.671334825,18.0,7.1301e-06
SHIB/USD,2023-09-12 05:00:00+00:00,7.2e-06,0.003852997,7.13e-06,7.19e-06,4482744.776730848,4.0,7.2038e-06
SHIB/USD,2023-09-13 05:00:00+00:00,7.19e-06,7.385e-06,7.095e-06,7.25e-06,21221409.169544972,19.0,7.1775e-06
SHIB/USD,2023-09-14 05:00:00+00:00,7.25e-06,7.45e-06,7.21e-06,7.44e-06,1300000.0,2.0,7.3752e-06
SHIB/USD,2023-09-15 05:00:00+00:00,7.44e-06,7.57e-06,7.313e-06,7.52e-06,800000.0,2.0,7.3484e-06
SHIB/USD,2023-09-16 05:00:00+00:00,7.53e-06,7.55e-06,7.25e-06,7.34e-06,16160838.643169526,25.0,7.3292e-06
SHIB/USD,2023-09-17 05:00:00+00:00,7.34e-06,7.34e-06,7.1e-06,7.29e-06,3909922.545410264,6.0,7.236e-06
SHIB/USD,2023-09-18 05:00:00+00:00,7.29e-06,7.41e-06,7.22e-06,7.31e-06,10053682.04816442,16.0,7.351e-06
SHIB/USD,2023-09-19 05:00:00+00:00,7.31e-06,7.43e-06,7.27e-06,7.39e-06,3817791.041055117,6.0,7.411e-06
SHIB/USD,2023-09-20 05:00:00+00:00,7.385e-06,7.54e-06,7.27e-06,7.44e-06,3644832.432994789,7.0,7.37e-06
SHIB/USD,2023-09-21 05:00:00+00:00,7.44e-06,7.44e-06,7.15e-06,7.29e-06,26600232.703834012,25.0,7.2242e-06
SHIB/USD,2023-09-22 05:00:00+00:00,7.29e-06,7.4e-06,7.24e-06,7.39e-06,0.0,0.0,0.0
SHIB/USD,2023-09-23 05:00:00+00:00,7.395e-06,0.003853845,7.211e-06,7.375e-06,297209896.0645309,208.0,7.5435e-06
SHIB/USD,2023-09-24 05:00:00+00:00,7.37e-06,7.42e-06,7.211e-06,7.36e-06,8805385.896724042,7.0,7.3179e-06
SHIB/USD,2023-09-25 05:00:00+00:00,7.36e-06,7.37e-06,7.17e-06,7.32e-06,100000.0,1.0,7.26e-06
SHIB/USD,2023-09-26 05:00:00+00:00,7.32e-06,7.428e-06,7.06e-06,7.25e-06,134961257.0686843,93.0,7.2617e-06
SHIB/USD,2023-09-27 05:00:00+00:00,7.25e-06,7.31e-06,7.13e-06,7.23e-06,1997500.0,4.0,7.28e-06
SHIB/USD,2023-09-28 05:00:00+00:00,7.23e-06,7.34e-06,7.22e-06,7.34e-06,51334.258541514,2.0,7.3126e-06
SHIB/USD,2023-09-29 05:00:00+00:00,7.34e-06,7.42e-06,7.27e-06,7.315e-06,800000.0,2.0,7.3616e-06
SHIB/USD,2023-09-30 05:00:00+00:00,7.315e-06,7.44e-06,7.3e-06,7.4e-06,18932.040716358,2.0,7.4035e-06
SHIB/USD,2023-10-01 05:00:00+00:00,7.4e-06,7.61e-06,6.753e-06,7.56e-06,55859.477711065,2.0,7.4815e-06
SHIB/USD,2023-10-02 05:00:00+00:00,7.555e-06,7.6e-06,6.778e-06,7.3e-06,46716126.00000036,34.0,7.3497e-06
SHIB/USD,2023-10-03 05:00:00+00:00,7.305e-06,7.32e-06,7.1e-06,7.17e-06,139579.875595576,1.0,7.258e-06
SHIB/USD,2023-10-04 05:00:00+00:00,7.17e-06,7.28e-06,7.16e-06,7.24e-06,0.0,0.0,0.0
SHIB/USD,2023-10-05 05:00:00+00:00,7.24e-06,7.255e-06,7.125e-06,7.16e-06,0.0,0.0,0.0
SHIB/USD,2023-10-06 05:00:00+00:00,7.165e-06,7.26e-06,7.13e-06,7.25e-06,0.0,0.0,0.0
SHIB/USD,2023-10-07 05:00:00+00:00,7.25e-06,7.29e-06,7.19e-06,7.24e-06,0.0,0.0,0.0
SHIB/USD,2023-10-08 05:00:00+00:00,7.24e-06,7.26e-06,7.15e-06,7.19e-06,0.0,0.0,0.0
SHIB/USD,2023-10-09 05:00:00+00:00,7.19e-06,0.003852997,6.775e-06,6.95e-06,218589.462379389,1.0,6.911e-06
SHIB/USD,2023-10-10 05:00:00+00:00,6.95e-06,6.98e-06,6.82e-06,6.86e-06,52588.26439053,1.0,6.928e-06
SHIB/USD,2023-10-11 05:00:00+00:00,6.86e-06,6.88e-06,6.71e-06,6.78e-06,434829.991281603,1.0,6.75e-06
SHIB/USD,2023-10-12 05:00:00+00:00,6.78e-06,6.89e-06,6.74e-06,6.78e-06,0.0,0.0,0.0
SHIB/USD,2023-10-13 05:00:00+00:00,6.79e-06,7e-06,6.7015e-06,6.96e-06,29837386.244964942,18.0,6.7257e-06
SHIB/USD,2023-10-14 05:00:00+00:00,6.96e-06,7.14e-06,6.87e-06,7.05e-06,23851301.961274587,20.0,6.9838e-06
SHIB/USD,2023-10-15 05:00:00+00:00,7.045e-06,7.09e-06,6.94e-06,7.065e-06,68186.552315019,1.0,7.038e-06
SHIB/USD,2023-10-16 05:00:00+00:00,7.06e-06,5.2997e-05,6.4805e-06,7.09e-06,25708976.800319333,22.0,7.0563e-06
SHIB/USD,2023-10-17 05:00:00+00:00,7.09e-06,5.2997e-05,6.85e-06,6.93e-06,187286.476146006,1.0,6.901e-06
SHIB/USD,2023-10-18 05:00:00+00:00,6.93e-06,6.95e-06,6.496e-06,6.72e-06,12596658.0,9.0,6.8384e-06
SHIB/USD,2023-10-19 05:00:00+00:00,6.72e-06,6.97e-06,6.563e-06,6.93e-06,89855185.7984496,56.0,6.664e-06
SHIB/USD,2023-10-20 05:00:00+00:00,6.93e-06,7.03e-06,6.86e-06,6.93e-06,1386547.787182405,4.0,6.926e-06
SHIB/USD,2023-10-21 05:00:00+00:00,6.93e-06,7.18e-06,6.92e-06,7.07e-06,292002570.07675034,300.0,7.1081e-06
SHIB/USD,2023-10-22 05:00:00+00:00,7.07e-06,7.32e-06,6.925e-06,7.24e-06,301653766.24228424,249.0,6.9671e-06
SHIB/USD,2023-10-23 05:00:00+00:00,7.23e-06,5.36e-05,7.1e-06,7.52e-06,64491760.00219022,58.0,7.6054e-06
SHIB/USD,2023-10-24 05:00:00+00:00,7.51e-06,7.75e-06,7.241e-06,7.45e-06,76181100.52838828,75.0,7.3774e-06
SHIB/USD,2023-10-25 05:00:00+00:00,7.45e-06,5.3978e-05,7.1815e-06,8.03e-06,1315058219.5863032,1302.0,7.6422e-06
SHIB/USD,2023-10-26 05:00:00+00:00,8.02e-06,8.165e-06,7.6e-06,7.85e-06,56051579.05992949,67.0,7.8468e-06
SHIB/USD,2023-10-27 05:00:00+00:00,7.85e-06,7.94e-06,7.526e-06,7.76e-06,35593468.93374282,29.0,7.62e-06
SHIB/USD,2023-10-28 05:00:00+00:00,7.76e-06,8.12e-06,7.725e-06,7.86e-06,8885538.51874286,14.0,7.9273e-06
SHIB/USD,2023-10-29 05:00:00+00:00,7.86e-06,8.115e-06,7.82e-06,7.93e-06,6308000.040571241,10.0,7.9794e-06
SHIB/USD,2023-10-30 05:00:00+00:00,7.93e-06,8.055e-06,7.7705e-06,7.92e-06,59400777.829355896,45.0,7.8748e-06
SHIB/USD,2023-10-31 05:00:00+00:00,7.92e-06,8.01e-06,7.54e-06,7.715e-06,34664707.08414852,34.0,7.7852e-06
SHIB/USD,2023-11-01 05:00:00+00:00,7.71e-06,8.078e-06,7.57e-06,7.995e-06,16531757.333054738,22.0,7.8014e-06
SHIB/USD,2023-11-02 05:00:00+00:00,7.99e-06,8.04e-06,7.62e-06,7.72e-06,11533956.233639773,18.0,7.8324e-06
SHIB/USD,2023-11-03 05:00:00+00:00,7.72e-06,7.88e-06,7.67e-06,7.84e-06,3936333.394674728,8.0,7.7672e-06
SHIB/USD,2023-11-04 05:00:00+00:00,7.835e-06,8.065e-06,7.711e-06,8.02e-06,15291594.90991813,18.0,7.828e-06
SHIB/USD,2023-11-05 05:00:00+00:00,8.01e-06,8.31e-06,7.83e-06,8.055e-06,148823924.09582546,144.0,8.2048e-06
SHIB/USD,2023-11-06 06:00:00+00:00,8.06e-06,8.51e-06,8.03e-06,8.36e-06,12071685.684537087,20.0,8.3192e-06
SHIB/USD,2023-11-07 06:00:00+00:00,8.365e-06,8.42e-06,7.95e-06,8.18e-06,23853189.792080875,32.0,8.1756e-06
SHIB/USD,2023-11-08 06:00:00+00:00,8.18e-06,8.705e-06,8.145e-06,8.585e-06,25010916.04870723,34.0,8.3475e-06
SHIB/USD,2023-11-09 06:00:00+00:00,8.59e-06,8.715e-06,7.75e-06,8.41e-06,60665768.072507456,95.0,8.2462e-06
SHIB/USD,2023-11-10 06:00:00+00:00,8.42e-06,5.445e-05,8.09e-06,9.13e-06,133529347.21364556,146.0,8.517e-06
SHIB/USD,2023-11-11 06:00:00+00:00,9.13e-06,9.635e-06,8.66e-06,9.02e-06,30893553.311505444,57.0,9.2206e-06
SHIB/USD,2023-11-12 06:00:00+00:00,9.02e-06,9.17e-06,8.785e-06,8.86e-06,6799319.727891154,12.0,8.8799e-06
SHIB/USD,2023-11-13 06:00:00+00:00,8.86e-06,8.99e-06,8.32e-06,8.63e-06,128641500.68626727,86.0,8.7384e-06
SHIB/USD,2023-11-14 06:00:00+00:00,8.635e-06,8.69e-06,8.09e-06,8.45e-06,12183601.990117326,20.0,8.367e-06
SHIB/USD,2023-11-15 06:00:00+00:00,8.45e-06,8.86e-06,8.37e-06,8.765e-06,13075099.864893125,16.0,8.5339e-06
SHIB/USD,2023-11-16 06:00:00+00:00,8.77e-06,9.18e-06,8.3e-06,8.73e-06,47961003.95329254,47.0,8.5681e-06
SHIB/USD,2023-11-17 06:00:00+00:00,8.75e-06,9.145e-06,8.41e-06,8.53e-06,42752028.025968745,45.0,8.8371e-06
SHIB/USD,2023-11-18 06:00:00+00:00,8.53e-06,8.635e-06,8.365e-06,8.47e-06,6144059.982946413,8.0,8.5085e-06
SHIB/USD,2023-11-19 06:00:00+00:00,8.47e-06,8.715e-06,8.43e-06,8.62e-06,28889147.3884306,19.0,8.5303e-06
SHIB/USD,2023-11-20 06:00:00+00:00,8.62e-06,8.74e-06,8.36e-06,8.395e-06,39034729.85462253,32.0,8.5078e-06
SHIB/USD,2023-11-21 06:00:00+00:00,8.4e-06,8.4e-06,7.63e-06,8e-06,210998356.68394518,137.0,8.0141e-06
SHIB/USD,2023-11-22 06:00:00+00:00,8e-06,8.18e-06,7.89e-06,8.13e-06,2668104.480516682,5.0,8.1186e-06
SHIB/USD,2023-11-23 06:00:00+00:00,8.125e-06,8.2e-06,8.01e-06,8.18e-06,0.0,0.0,0.0
SHIB/USD,2023-11-24 06:00:00+00:00,8.18e-06,8.31e-06,8.135e-06,8.3e-06,3256334.563345632,6.0,8.2808e-06
SHIB/USD,2023-11-25 06:00:00+00:00,8.3e-06,8.6e-06,8.26e-06,8.4e-06,6617490.383885541,12.0,8.497e-06
SHIB/USD,2023-11-26 06:00:00+00:00,8.4e-06,8.405e-06,8.065e-06,8.36e-06,59019161.429356985,46.0,8.1599e-06
SHIB/USD,2023-11-27 06:00:00+00:00,8.365e-06,8.66e-06,8.02e-06,8.05e-06,18994695.51531122,26.0,8.358e-06
SHIB/USD,2023-11-28 06:00:00+00:00,8.05e-06,8.42e-06,8.03e-06,8.34e-06,19396344.951795198,16.0,8.2849e-06
SHIB/USD,2023-11-29 06:00:00+00:00,8.34e-06,8.39e-06,8.16e-06,8.22e-06,1172745.396974316,2.0,8.3643e-06
SHIB/USD,2023-11-30 06:00:00+00:00,8.22e-06,8.395e-06,8.12e-06,8.325e-06,8324239.744656496,14.0,8.214e-06
SHIB/USD,2023-12-01 06:00:00+00:00,8.33e-06,8.42e-06,8.27e-06,8.38e-06,0.0,0.0,0.0
SHIB/USD,2023-12-02 06:00:00+00:00,8.38e-06,8.62e-06,8.359e-06,8.495e-06,160062491.2813749,82.0,8.5549e-06
SHIB/USD,2023-12-03 06:00:00+00:00,8.5e-06,9.48e-06,8.365e-06,9.165e-06,103166869.59566873,87.0,8.8045e-06
SHIB/USD,2023-12-04 06:00:00+00:00,9.16e-06,9.645e-06,8.76e-06,9.125e-06,57704080.07707006,64.0,9.0678e-06
SHIB/USD,2023-12-05 06:00:00+00:00,9.13e-06,9.84e-06,8.89e-06,9.755e-06,100873459.49456969,92.0,9.529e-06
SHIB/USD,2023-12-06 06:00:00+00:00,9.75e-06,5.498e-05,9.575e-06,9.83e-06,699703549.6453493,763.0,1.03657e-05
SHIB/USD,2023-12-07 06:00:00+00:00,9.83e-06,1.0035e-05,9.385e-06,1.0005e-05,9956283.210699152,17.0,9.7561e-06
SHIB/USD,2023-12-08 06:00:00+00:00,1.0015e-05,5.508e-05,9.825e-06,1.033e-05,19135241.87476241,34.0,1.01867e-05
SHIB/USD,2023-12-09 06:00:00+00:00,1.0325e-05,5.508e-05,9.905e-06,1.0265e-05,42363605.978302926,43.0,1.00674e-05
SHIB/USD,2023-12-10 06:00:00+00:00,1.0265e-05,5.508e-05,9.37e-06,9.795e-06,67424367.59268084,86.0,1.01e-05
SHIB/USD,2023-12-11 06:00:00+00:00,9.805e-06,9.915e-06,9.15e-06,9.62e-06,425461582.3674167,259.0,9.6683e-06
SHIB/USD,2023-12-12 06:00:00+00:00,9.625e-06,9.802e-06,9.2e-06,9.34e-06,34892700.728393055,33.0,9.6443e-06
SHIB/USD,2023-12-13 06:00:00+00:00,9.35e-06,1.013e-05,9.135e-06,1.0055e-05,15930478.804544915,25.0,9.5595e-06
SHIB/USD,2023-12-14 06:00:00+00:00,1.0055e-05,1.02e-05,9.735e-06,9.865e-06,175861177.55193165,108.0,9.8533e-06
SHIB/USD,2023-12-15 06:00:00+00:00,9.865e-06,9.99e-06,9.408e-06,9.865e-06,68513363.43139207,59.0,9.6431e-06
SHIB/USD,2023-12-16 06:00:00+00:00,9.87e-06,5.54e-05,9.775e-06,1.082e-05,38616274.4886686,44.0,1.08722e-05
SHIB/USD,2023-12-17 06:00:00+00:00,1.0805e-05,1.0865e-05,9.96e-06,1.0035e-05,15805021.88580147,27.0,1.0372e-05
SHIB/USD,2023-12-18 06:00:00+00:00,1.0025e-05,1.057e-05,9.56e-06,1.0445e-05,52359460.877819955,62.0,1.01684e-05
SHIB/USD,2023-12-19 06:00:00+00:00,1.0455e-05,1.0575e-05,9.95e-06,1.0205e-05,9074537.08761728,16.0,1.00924e-05
SHIB/USD,2023-12-20 06:00:00+00:00,1.0205e-05,1.05e-05,9.976e-06,1.021e-05,24579310.309204552,23.0,1.00914e-05
SHIB/USD,2023-12-21 06:00:00+00:00,1.0215e-05,1.0771e-05,1.0161e-05,1.059e-05,1417826910.9990313,730.0,1.02087e-05
SHIB/USD,2023-12-22 06:00:00+00:00,1.059e-05,1.0955e-05,1.032e-05,1.0755e-05,14382150.125884792,26.0,1.06261e-05
SHIB/USD,2023-12-23 06:00:00+00:00,1.0755e-05,5.54e-05,1.0625e-05,1.083e-05,5653591.741388887,11.0,1.09105e-05
SHIB/USD,2023-12-24 06:00:00+00:00,1.084e-05,5.54e-05,1.0515e-05,1.077e-05,8478335.319496807,16.0,1.0796e-05
SHIB/USD,2023-12-25 06:00:00+00:00,1.0765e-05,1.106e-05,1.057e-05,1.0635e-05,13089318.595533147,22.0,1.07831e-05
SHIB/USD,2023-12-26 06:00:00+00:00,1.063e-05,1.083e-05,1.016e-05,1.047e-05,27081110.921301913,42.0,1.04592e-05
SHIB/USD,2023-12-27 06:00:00+00:00,1.0465e-05,1.105e-05,1.0445e-05,1.0855e-05,197508956.0145796,141.0,1.07869e-05
SHIB/USD,2023-12-28 06:00:00+00:00,1.0855e-05,1.0895e-05,1.0241e-05,1.0605e-05,26484164.827247787,24.0,1.04e-05
SHIB/USD,2023-12-29 06:00:00+00:00,1.06e-05,1.0715e-05,1.0182e-05,1.0545e-05,12400946.300309168,15.0,1.03761e-05
SHIB/USD,2023-12-30 06:00:00+00:00,1.0555e-05,1.0595e-05,1.03e-05,1.0455e-05,23015039.175312053,28.0,1.04689e-05
SHIB/USD,2023-12-31 06:00:00+00:00,1.0455e-05,1.0781e-05,1.0215e-05,1.0295e-05,50235167.64063211,32.0,1.07138e-05
SHIB/USD,2024-01-01 06:00:00+00:00,1.03e-05,1.085e-05,1.0265e-05,1.0755e-05,8665278.033683319,16.0,1.06703e-05
SHIB/USD,2024-01-02 06:00:00+00:00,1.074e-05,1.0925e-05,1.0475e-05,1.0615e-05,3780718.336483931,6.0,1.058e-05
SHIB/USD,2024-01-03 06:00:00+00:00,1.0615e-05,1.072e-05,8.47e-06,9.645e-06,355961463.2371033,349.0,9.3329e-06
SHIB/USD,2024-01-04 06:00:00+00:00,9.645e-06,1.03105e-05,9.485e-06,9.86e-06,99131692.618729,132.0,9.9656e-06
SHIB/USD,2024-01-05 06:00:00+00:00,9.845e-06,9.895e-06,9.445e-06,9.575e-06,16748105.258253228,24.0,9.6224e-06
SHIB/USD,2024-01-06 06:00:00+00:00,9.565e-06,9.755e-06,9.335e-06,9.625e-06,27098708.81028272,26.0,9.4984e-06
SHIB/USD,2024-01-07 06:00:00+00:00,9.625e-06,9.685e-06,8.5e-06,8.925e-06,34795538.23342383,55.0,8.9754e-06
SHIB/USD,2024-01-08 06:00:00+00:00,8.93e-06,9.659e-06,8.9e-06,9.47e-06,303004493.43767166,338.0,9.3788e-06
SHIB/USD,2024-01-09 06:00:00+00:00,9.47e-06,1.0005e-05,9.15e-06,9.555e-06,775607151.6118808,948.0,9.6803e-06
SHIB/USD,2024-01-10 06:00:00+00:00,9.555e-06,1.022e-05,9.135e-06,1.0025e-05,378525564.0650438,465.0,9.8901e-06
SHIB/USD,2024-01-11 06:00:00+00:00,1.0035e-05,1.05e-05,9.8435e-06,1.022e-05,804874888.0141686,1039.0,1.03157e-05
SHIB/USD,2024-01-12 06:00:00+00:00,1.0215e-05,1.0295e-05,9.365e-06,9.795e-06,291736899.39326066,195.0,9.9435e-06
SHIB/USD,2024-01-13 06:00:00+00:00,9.8e-06,1.01945e-05,9.745e-06,9.855e-06,61827311.05323469,41.0,9.9853e-06
SHIB/USD,2024-01-14 06:00:00+00:00,9.865e-06,1.0045e-05,9.525e-06,9.735e-06,10457678.853144934,17.0,9.6597e-06
SHIB/USD,2024-01-15 06:00:00+00:00,9.73e-06,9.75e-06,9.48e-06,9.615e-06,206254341.0041841,299.0,9.6556e-06
SHIB/USD,2024-01-16 06:00:00+00:00,9.61e-06,9.74e-06,9.42e-06,9.56e-06,209637474.31367886,325.0,9.6696e-06
SHIB/USD,2024-01-17 06:00:00+00:00,9.565e-06,9.615e-06,9.3e-06,9.515e-06,17521970.298962828,13.0,9.3891e-06
SHIB/USD,2024-01-18 06:00:00+00:00,9.505e-06,9.565e-06,8.82e-06,9.205e-06,950050415.9340936,1157.0,9.1206e-06
SHIB/USD,2024-01-19 06:00:00+00:00,9.205e-06,0.003852997,8.79e-06,9.41e-06,317598353.84691167,452.0,9.2715e-06
SHIB/USD,2024-01-20 06:00:00+00:00,9.415e-06,9.845e-06,9.315e-06,9.49e-06,260310580.88442147,401.0,9.6833e-06
SHIB/USD,2024-01-21 06:00:00+00:00,9.49e-06,9.575e-06,9.115e-06,9.25e-06,10998521.10930625,20.0,9.2788e-06
SHIB/USD,2024-01-22 06:00:00+00:00,9.25e-06,9.305e-06,8.78e-06,9.015e-06,27745678.19504924,26.0,8.9115e-06
SHIB/USD,2024-01-23 06:00:00+00:00,9.015e-06,9.025e-06,8.43e-06,8.855e-06,122044506.56803836,190.0,8.6217e-06
SHIB/USD,2024-01-24 06:00:00+00:00,8.865e-06,8.99e-06,8.735e-06,8.8e-06,78728000.0,121.0,8.8833e-06
SHIB/USD,2024-01-25 06:00:00+00:00,8.8e-06,8.92e-06,8.715e-06,8.89e-06,0.0,0.0,0.0
SHIB/USD,2024-01-26 06:00:00+00:00,8.89e-06,9.231e-06,8.825e-06,9.03e-06,131249366.45148449,170.0,8.9546e-06
SHIB/USD,2024-01-27 06:00:00+00:00,9.025e-06,9.25e-06,8.975e-06,9.23e-06,5547222.222222221,9.0,9.18e-06
SHIB/USD,2024-01-28 06:00:00+00:00,9.235e-06,9.24e-06,8.915e-06,9.035e-06,5555555.555555555,8.0,9e-06
SHIB/USD,2024-01-29 06:00:00+00:00,9.035e-06,9.455e-06,8.925e-06,9.315e-06,873493431.3357078,1189.0,9.3087e-06
SHIB/USD,2024-01-30 06:00:00+00:00,9.32e-06,9.365e-06,8.975e-06,9.115e-06,24808562.247870564,45.0,9.1105e-06
SHIB/USD,2024-01-31 06:00:00+00:00,9.12e-06,9.13e-06,8.775e-06,8.895e-06,11435091.972691435,13.0,8.9324e-06
SHIB/USD,2024-02-01 06:00:00+00:00,8.885e-06,9.241e-06,8.702e-06,9.065e-06,99196517.43262938,62.0,8.9442e-06
SHIB/USD,2024-02-02 06:00:00+00:00,9.07e-06,9.135e-06,8.925e-06,9.115e-06,41431213.807652816,57.0,9.0791e-06
SHIB/USD,2024-02-03 06:00:00+00:00,9.115e-06,9.155e-06,9.015e-06,9.065e-06,219746.974697469,2.0,9.095e-06
SHIB/USD,2024-02-04 06:00:00+00:00,9.06e-06,9.085e-06,8.6615e-06,8.91e-06,17868132.76159755,14.0,8.7869e-06
SHIB/USD,2024-02-05 06:00:00+00:00,8.91e-06,9.025e-06,8.825e-06,8.88e-06,6060430.839002266,11.0,8.9914e-06
SHIB/USD,2024-02-06 06:00:00+00:00,8.88e-06,8.945e-06,8.795e-06,8.845e-06,56903052.97676281,89.0,8.9093e-06
SHIB/USD,2024-02-07 06:00:00+00:00,8.845e-06,9.365e-06,8.805e-06,9.305e-06,21660144.99926794,17.0,9.1411e-06
SHIB/USD,2024-02-08 06:00:00+00:00,9.295e-06,9.435e-06,8.983e-06,9.33e-06,55119082.45513637,49.0,9.1347e-06
SHIB/USD,2024-02-09 06:00:00+00:00,9.335e-06,9.515e-06,9.285e-06,9.415e-06,756137.839175,2.0,9.3513e-06
SHIB/USD,2024-02-10 06:00:00+00:00,9.42e-06,9.485e-06,9.24e-06,9.45e-06,450002769.8503815,630.0,9.4375e-06
SHIB/USD,2024-02-11 06:00:00+00:00,9.445e-06,9.615e-06,9.285e-06,9.295e-06,28314404.099800106,51.0,9.3963e-06
SHIB/USD,2024-02-12 06:00:00+00:00,9.285e-06,9.74e-06,9.215e-06,9.585e-06,475586225.94038874,697.0,9.5488e-06
SHIB/USD,2024-02-13 06:00:00+00:00,9.585e-06,9.65e-06,9.086e-06,9.5e-06,111457368.1349089,108.0,9.3827e-06
SHIB/USD,2024-02-14 06:00:00+00:00,9.5e-06,9.935e-06,9.475e-06,9.735e-06,341760334.0894639,447.0,9.7817e-06
SHIB/USD,2024-02-15 06:00:00+00:00,9.73e-06,1.005e-05,9.705e-06,1.0015e-05,279061573.24850893,411.0,9.9428e-06
SHIB/USD,2024-02-16 06:00:00+00:00,1.002e-05,1.0045e-05,8.077e-06,9.76e-06,126080118.61064541,180.0,9.9529e-06
SHIB/USD,2024-02-17 06:00:00+00:00,9.765e-06,9.805e-06,9.415e-06,9.725e-06,146795828.50734025,99.0,9.5028e-06
SHIB/USD,2024-02-18 06:00:00+00:00,9.725e-06,9.88e-06,7.882e-06,9.81e-06,322889676.57555556,475.0,9.7859e-06
SHIB/USD,2024-02-19 06:00:00+00:00,9.805e-06,9.965e-06,9.69e-06,9.835e-06,36748548.65946979,44.0,9.797e-06
SHIB/USD,2024-02-20 06:00:00+00:00,9.835e-06,9.945e-06,8.077e-06,9.63e-06,19106110.916062616,23.0,9.7361e-06
SHIB/USD,2024-02-21 06:00:00+00:00,9.625e-06,9.635e-06,9.31e-06,9.505e-06,8612584.685283,11.0,9.4642e-06
SHIB/USD,2024-02-22 06:00:00+00:00,9.495e-06,9.715e-06,7.7205e-06,9.535e-06,80574254.38141334,64.0,9.5222e-06
SHIB/USD,2024-02-23 06:00:00+00:00,9.53e-06,9.6e-06,9.34e-06,9.5e-06,27677063.54398082,30.0,9.4885e-06
SHIB/USD,2024-02-24 06:00:00+00:00,9.5e-06,9.68e-06,9.42e-06,9.625e-06,22543530.20602734,26.0,9.6001e-06
SHIB/USD,2024-02-25 06:00:00+00:00,9.615e-06,9.72e-06,9.53e-06,9.625e-06,38430256.41527391,45.0,9.6532e-06
SHIB/USD,2024-02-26 06:00:00+00:00,9.645e-06,1.05e-05,8.077e-06,1.0275e-05,30550594.748949748,39.0,9.98e-06
SHIB/USD,2024-02-27 06:00:00+00:00,1.027e-05,0.003852997,8.397e-06,1.081e-05,103053054.265622,92.0,1.07576e-05
SHIB/USD,2024-02-28 06:00:00+00:00,1.081e-05,0.00385601,8.559e-06,1.341e-05,274401984.44323045,182.0,1.10378e-05
SHIB/USD,2024-02-29 06:00:00+00:00,1.3395e-05,0.00385627,9.8275e-06,1.268e-05,98819898.56538296,174.0,1.37239e-05
SHIB/USD,2024-03-01 06:00:00+00:00,1.2665e-05,0.003852997,1.1012e-05,2.0295e-05,786516400.0176057,1530.0,1.80034e-05
SHIB/USD,2024-03-02 06:00:00+00:00,2.029e-05,0.003852997,1.964e-05,2.1665e-05,220334151.32693246,209.0,2.27123e-05
SHIB/USD,2024-03-03 06:00:00+00:00,2.166e-05,0.003852997,1.971e-05,2.3935e-05,218018209.9551832,230.0,2.22604e-05
SHIB/USD,2024-03-04 06:00:00+00:00,2.397e-05,0.003852997,1.9737e-05,3.877e-05,899471380.5821993,1557.0,3.44683e-05
SHIB/USD,2024-03-05 06:00:00+00:00,3.8775e-05,4.41e-05,2.24205e-05,3.621e-05,96444095.2236859,103.0,3.58307e-05
SHIB/USD,2024-03-06 06:00:00+00:00,3.623e-05,3.942e-05,2.2102e-05,2.985e-05,128059510.14729486,80.0,3.4068e-05
SHIB/USD,2024-03-07 06:00:00+00:00,2.984e-05,3.5e-05,2.04435e-05,3.3365e-05,234148335.01607513,173.0,3.20967e-05
SHIB/USD,2024-03-08 06:00:00+00:00,3.333e-05,3.8055e-05,2.0102e-05,3.5555e-05,322696814.9127287,556.0,3.48911e-05
SHIB/USD,2024-03-09 06:00:00+00:00,3.553e-05,3.7094e-05,2.0627e-05,3.5355e-05,140341178.8247114,103.0,3.52784e-05
SHIB/USD,2024-03-10 06:00:00+00:00,3.5285e-05,3.544e-05,3.0575e-05,3.2225e-05,22403328.699620914,18.0,3.45737e-05
SHIB/USD,2024-03-11 05:00:00+00:00,3.221e-05,3.6099e-05,2.2321e-05,3.311e-05,114418586.62747459,144.0,3.3725e-05
SHIB/USD,2024-03-12 05:00:00+00:00,3.3175e-05,3.5104e-05,3.015e-05,3.3155e-05,96146123.22492704,59.0,3.2195e-05
SHIB/USD,2024-03-13 05:00:00+00:00,3.323e-05,3.5714e-05,3.1185e-05,3.3295e-05,48248724.77661203,228.0,3.31882e-05
SHIB/USD,2024-03-14 05:00:00+00:00,3.332e-05,3.4435e-05,2.2321e-05,2.9745e-05,69678883.21315245,66.0,3.2378e-05
SHIB/USD,2024-03-15 05:00:00+00:00,2.9725e-05,3.054e-05,2.718e-05,2.901e-05,14076245.94599493,38.0,2.93665e-05
SHIB/USD,2024-03-16 05:00:00+00:00,2.901e-05,3.3716e-05,2.361e-05,2.5945e-05,296887792.8745588,159.0,2.7553e-05
SHIB/USD,2024-03-17 05:00:00+00:00,2.5945e-05,3.0185e-05,2.4295e-05,2.882e-05,39462830.999794535,36.0,2.9452e-05
SHIB/USD,2024-03-18 05:00:00+00:00,2.8815e-05,2.9215e-05,2.5225e-05,2.54e-05,36058440.51686537,36.0,2.83281e-05
SHIB/USD,2024-03-19 05:00:00+00:00,2.5385e-05,2.716e-05,2.4145e-05,2.4495e-05,44691441.93887627,129.0,2.48852e-05
SHIB/USD,2024-03-20 05:00:00+00:00,2.4445e-05,3.3349e-05,2.3618e-05,2.6805e-05,213166142.81515026,114.0,2.46605e-05
SHIB/USD,2024-03-21 05:00:00+00:00,2.681e-05,2.8635e-05,2.629e-05,2.7405e-05,40147372.70682669,28.0,2.65024e-05
SHIB/USD,2024-03-22 05:00:00+00:00,2.735e-05,2.856e-05,2.5845e-05,2.7045e-05,6439911.703900558,18.0,2.65259e-05
SHIB/USD,2024-03-23 05:00:00+00:00,2.709e-05,2.8505e-05,2.692e-05,2.804e-05,5255504.200232192,81.0,2.73604e-05
SHIB/USD,2024-03-24 05:00:00+00:00,2.8045e-05,2.834e-05,2.7155e-05,2.8005e-05,29024816.961930644,19.0,2.75335e-05
SHIB/USD,2024-03-25 05:00:00+00:00,2.8015e-05,3.47515e-05,2.747e-05,2.917e-05,96680111.56302404,115.0,2.95617e-05
SHIB/USD,2024-03-26 05:00:00+00:00,2.9165e-05,3.1825e-05,2.899e-05,3.104e-05,1634325.770185953,76.0,3.09152e-05
SHIB/USD,2024-03-27 05:00:00+00:00,3.106e-05,3.144e-05,2.917e-05,3.04e-05,8565560.951456923,9.0,3.02778e-05
SHIB/USD,2024-03-28 05:00:00+00:00,3.0445e-05,3.2864e-05,1.87355e-05,3.0985e-05,210438339.40854052,240.0,3.18813e-05
SHIB/USD,2024-03-29 05:00:00+00:00,3.103e-05,3.131e-05,3.013e-05,3.051e-05,6569590.950843563,13.0,3.08769e-05
SHIB/USD,2024-03-30 05:00:00+00:00,3.064e-05,3.0695e-05,2.953e-05,3.0375e-05,73963473.7758903,72.0,3.03283e-05
SHIB/USD,2024-03-31 05:00:00+00:00,3.0375e-05,3.21265e-05,3.0145e-05,3.0145e-05,51319866.581953414,74.0,3.09575e-05
SHIB/USD,2024-04-01 05:00:00+00:00,3.015e-05,3.0215e-05,1.9482e-05,2.706e-05,110229713.93858463,97.0,2.81672e-05
SHIB/USD,2024-04-02 05:00:00+00:00,2.706e-05,2.7535e-05,1.6031e-05,2.723e-05,150097089.19710243,176.0,2.63796e-05
SHIB/USD,2024-04-03 05:00:00+00:00,2.727e-05,2.752e-05,2.5685e-05,2.6255e-05,33670591.698877096,40.0,2.66396e-05
SHIB/USD,2024-04-04 05:00:00+00:00,2.629e-05,4.95e-05,2.6175e-05,2.6905e-05,147848708.7436697,113.0,2.80042e-05
SHIB/USD,2024-04-05 05:00:00+00:00,2.6905e-05,2.745e-05,2.595e-05,2.7125e-05,97708245.35000086,81.0,2.68232e-05
SHIB/USD,2024-04-06 05:00:00+00:00,2.7125e-05,2.899e-05,2.689e-05,2.846e-05,19588400.21848128,144.0,2.73399e-05
SHIB/USD,2024-04-07 05:00:00+00:00,2.8445e-05,2.8955e-05,1.6815e-05,2.8e-05,36104189.63994347,37.0,2.78395e-05
SHIB/USD,2024-04-08 05:00:00+00:00,2.801e-05,2.9535e-05,2.7895e-05,2.871e-05,98913539.29489768,166.0,2.8433e-05
SHIB/USD,2024-04-09 05:00:00+00:00,2.869e-05,2.95e-05,2.6831e-05,2.7325e-05,62740184.62694993,97.0,2.72694e-05
SHIB/USD,2024-04-10 05:00:00+00:00,2.7335e-05,3.31675e-05,2.649e-05,2.776e-05,41547357.24368473,39.0,2.79575e-05
SHIB/USD,2024-04-11 05:00:00+00:00,2.775e-05,2.8368e-05,1.6506e-05,2.785e-05,57167626.79156319,61.0,2.73328e-05
SHIB/USD,2024-04-12 05:00:00+00:00,2.7805e-05,2.812e-05,2.148e-05,2.4505e-05,46975904.55791906,59.0,2.53929e-05
SHIB/USD,2024-04-13 05:00:00+00:00,2.456e-05,2.4975e-05,1.8375e-05,2.196e-05,0.0,0.0,0.0
SHIB/USD,2024-04-14 05:00:00+00:00,2.1935e-05,2.65815e-05,2.0865e-05,2.223e-05,3640757.5654585017,9.0,2.25036e-05
SHIB/USD,2024-04-15 05:00:00+00:00,2.2235e-05,2.386e-05,2.0865e-05,2.111e-05,15878955.33068591,22.0,2.16351e-05
SHIB/USD,2024-04-16 05:00:00+00:00,2.112e-05,2.3035e-05,2.084e-05,2.2865e-05,30914720.678360783,23.0,2.2432e-05
SHIB/USD,2024-04-17 05:00:00+00:00,2.282e-05,2.291e-05,2.1335e-05,2.213e-05,7060695.313848204,12.0,2.16953e-05
SHIB/USD,2024-04-18 05:00:00+00:00,2.2145e-05,2.2955e-05,2.0835e-05,2.2075e-05,57304361.89976287,42.0,2.2267e-05
SHIB/USD,2024-04-19 05:00:00+00:00,2.207e-05,2.355e-05,2.18e-05,2.321e-05,10690250.900945615,7.0,2.23483e-05
SHIB/USD,2024-04-20 05:00:00+00:00,2.318e-05,3.07295e-05,2.263e-05,2.753e-05,45367883.1922,37.0,2.41994e-05
SHIB/USD,2024-04-21 05:00:00+00:00,2.7555e-05,3.2688e-05,2.544e-05,2.72e-05,38980768.59836,23.0,2.65122e-05
SHIB/USD,2024-04-22 05:00:00+00:00,2.721e-05,3.2938e-05,1.6212e-05,2.6285e-05,92405621.6952632,74.0,2.69379e-05
SHIB/USD,2024-04-23 05:00:00+00:00,2.639e-05,2.8125e-05,2.624e-05,2.731e-05,33440464.512606483,64.0,2.73338e-05
SHIB/USD,2024-04-24 05:00:00+00:00,2.7265e-05,2.764e-05,2.4745e-05,2.513e-05,0.0,0.0,0.0
SHIB/USD,2024-04-25 05:00:00+00:00,2.5105e-05,2.6555e-05,2.4485e-05,2.553e-05,12544497.9325,15.0,2.5959e-05
SHIB/USD,2024-04-26 05:00:00+00:00,2.55e-05,2.5995e-05,2.4115e-05,2.4975e-05,4725362.47518771,4.0,2.50727e-05
SHIB/USD,2024-04-27 05:00:00+00:00,2.4995e-05,2.5165e-05,2.4035e-05,2.488e-05,0.0,0.0,0.0
SHIB/USD,2024-04-28 05:00:00+00:00,2.488e-05,2.516e-05,2.363e-05,2.395e-05,1034900.0,3.0,2.40408e-05
SHIB/USD,2024-04-29 05:00:00+00:00,2.395e-05,2.4645e-05,2.305e-05,2.3975e-05,1912724.0,6.0,2.4211e-05
SHIB/USD,2024-04-30 05:00:00+00:00,2.3975e-05,2.443e-05,2.1585e-05,2.219e-05,11474289.693676127,11.0,2.20998e-05
SHIB/USD,2024-05-01 05:00:00+00:00,2.2225e-05,2.3115e-05,1.36835e-05,2.186e-05,25058331.57294973,18.0,2.18819e-05
SHIB/USD,2024-05-02 05:00:00+00:00,2.187e-05,3.08775e-05,1.42765e-05,2.3195e-05,582695300.507583,384.0,2.3e-05
SHIB/USD,2024-05-03 05:00:00+00:00,2.3225e-05,2.498e-05,2.2645e-05,2.492e-05,4796963.935574229,13.0,2.45737e-05
SHIB/USD,2024-05-04 05:00:00+00:00,2.4905e-05,2.6295e-05,2.406e-05,2.45e-05,22898153.62394323,35.0,2.47513e-05
SHIB/USD,2024-05-05 05:00:00+00:00,2.452e-05,2.5145e-05,2.44e-05,2.4775e-05,100000.0,1.0,2.465e-05
SHIB/USD,2024-05-06 05:00:00+00:00,2.478e-05,2.5675e-05,2.3405e-05,2.3765e-05,27246408.42693382,75.0,2.45409e-05
SHIB/USD,2024-05-07 05:00:00+00:00,2.3745e-05,2.414e-05,2.278e-05,2.3e-05,10325530.27364902,6.0,2.31673e-05
SHIB/USD,2024-05-08 05:00:00+00:00,2.3015e-05,2.3205e-05,2.2345e-05,2.2845e-05,2190000.0,5.0,2.277e-05
SHIB/USD,2024-05-09 05:00:00+00:00,2.2845e-05,2.378e-05,2.2305e-05,2.3455e-05,3040000.0,5.0,2.344e-05
SHIB/USD,2024-05-10 05:00:00+00:00,2.3455e-05,2.3615e-05,2.213e-05,2.2525e-05,4445850.975599109,4.0,2.25314e-05
SHIB/USD,2024-05-11 05:00:00+00:00,2.2525e-05,2.291e-05,2.2355e-05,2.2625e-05,1163726.341087626,5.0,2.273e-05
SHIB/USD,2024-05-12 05:00:00+00:00,2.262e-05,2.273e-05,2.156e-05,2.1685e-05,5003955.198793799,7.0,2.22164e-05
SHIB/USD,2024-05-13 05:00:00+00:00,2.167e-05,3.15865e-05,2.165e-05,2.3465e-05,156567180.0934468,85.0,2.39636e-05
SHIB/USD,2024-05-14 05:00:00+00:00,2.344e-05,2.4385e-05,2.2765e-05,2.302e-05,25423011.84433164,15.0,2.28726e-05
SHIB/USD,2024-05-15 05:00:00+00:00,2.3025e-05,2.6e-05,1.4649e-05,2.505e-05,87383722.44117352,54.0,2.46084e-05
SHIB/USD,2024-05-16 05:00:00+00:00,2.505e-05,2.586e-05,2.417e-05,2.432e-05,3990000.0,3.0,2.43201e-05
SHIB/USD,2024-05-17 05:00:00+00:00,2.432e-05,2.5336e-05,2.429e-05,2.4895e-05,31096064.601923,19.0,2.51302e-05
SHIB/USD,2024-05-18 05:00:00+00:00,2.4885e-05,2.52e-05,2.4425e-05,2.501e-05,8965850.603044799,10.0,2.46791e-05
SHIB/USD,2024-05-19 05:00:00+00:00,2.502e-05,2.502e-05,2.353e-05,2.4175e-05,0.0,0.0,0.0
SHIB/USD,2024-05-20 05:00:00+00:00,2.4165e-05,2.626e-05,2.3745e-05,2.526e-05,2826486.0025,9.0,2.54439e-05
SHIB/USD,2024-05-21 05:00:00+00:00,2.528e-05,2.6825e-05,1.5492e-05,2.5645e-05,35893762.317792706,45.0,2.52721e-05
SHIB/USD,2024-05-22 05:00:00+00:00,2.564e-05,2.6265e-05,2.5015e-05,2.553e-05,2774681.405183916,9.0,2.54061e-05
SHIB/USD,2024-05-23 05:00:00+00:00,2.5525e-05,2.7997e-05,2.34e-05,2.4435e-05,36000000.0,21.0,2.6103e-05
SHIB/USD,2024-05-24 05:00:00+00:00,2.4405e-05,2.5085e-05,2.3615e-05,2.4655e-05,0.0,0.0,0.0
SHIB/USD,2024-05-25 05:00:00+00:00,2.467e-05,2.5265e-05,2.4495e-05,2.479e-05,18340274.14703245,25.0,2.48759e-05
SHIB/USD,2024-05-26 05:00:00+00:00,2.4785e-05,2.49e-05,2.4175e-05,2.4575e-05,164538.231046127,3.0,2.44051e-05
SHIB/USD,2024-05-27 05:00:00+00:00,2.458e-05,2.6215e-05,2.436e-05,2.463e-05,65220597.269139946,52.0,2.59744e-05
SHIB/USD,2024-05-28 05:00:00+00:00,2.467e-05,2.896e-05,2.4575e-05,2.8585e-05,1671528.512830468,17.0,2.56572e-05
SHIB/USD,2024-05-29 05:00:00+00:00,2.86e-05,3.8989e-05,2.6535e-05,2.78e-05,207355124.32007518,129.0,2.75531e-05
SHIB/USD,2024-05-30 05:00:00+00:00,2.7785e-05,2.791e-05,2.5625e-05,2.5985e-05,769302.990176817,2.0,2.63594e-05
SHIB/USD,2024-05-31 05:00:00+00:00,2.601e-05,2.6305e-05,2.4843e-05,2.5315e-05,178016311.3172064,115.0,2.49011e-05
SHIB/USD,2024-06-01 05:00:00+00:00,2.5305e-05,2.5979e-05,2.4935e-05,2.516e-05,11991581.165402826,13.0,2.56414e-05
SHIB/USD,2024-06-02 05:00:00+00:00,2.5155e-05,2.5185e-05,2.404e-05,2.4695e-05,1204728.0,3.0,2.48733e-05
SHIB/USD,2024-06-03 05:00:00+00:00,2.4715e-05,2.538e-05,2.286e-05,2.378e-05,404408.0,1.0,2.457e-05
SHIB/USD,2024-06-04 05:00:00+00:00,2.3785e-05,2.593e-05,2.3615e-05,2.584e-05,4095004.0,4.0,2.46072e-05
SHIB/USD,2024-06-05 05:00:00+00:00,2.5845e-05,2.6305e-05,2.5415e-05,2.5835e-05,14023296.335375123,13.0,2.58009e-05
SHIB/USD,2024-06-06 05:00:00+00:00,2.5835e-05,2.594e-05,2.494e-05,2.528e-05,16683869.698943444,25.0,2.51259e-05
SHIB/USD,2024-06-07 05:00:00+00:00,2.529e-05,3.656e-05,1.4222e-05,2.404e-05,20988104.019586366,21.0,2.42651e-05
SHIB/USD,2024-06-08 05:00:00+00:00,2.4025e-05,2.4115e-05,2.298e-05,2.311e-05,15266653.034894967,75.0,2.35391e-05
SHIB/USD,2024-06-09 05:00:00+00:00,2.311e-05,2.3665e-05,2.29505e-05,2.337e-05,137209976.74708143,87.0,2.29708e-05
SHIB/USD,2024-06-10 05:00:00+00:00,2.336e-05,2.362e-05,1.50045e-05,2.254e-05,211291.41311697,1.0,2.32e-05
SHIB/USD,2024-06-11 05:00:00+00:00,2.2535e-05,2.254e-05,1.50045e-05,2.196e-05,8387519.014654319,19.0,2.19421e-05
SHIB/USD,2024-06-12 05:00:00+00:00,2.1975e-05,2.323e-05,2.129e-05,2.1625e-05,199749.999999998,2.0,2.27301e-05
SHIB/USD,2024-06-13 05:00:00+00:00,2.1625e-05,2.18e-05,2.0985e-05,2.1305e-05,71000.0,1.0,2.115e-05
SHIB/USD,2024-06-14 05:00:00+00:00,2.133e-05,2.1875e-05,1.9615e-05,2.076e-05,8060822.5,7.0,1.99766e-05
SHIB/USD,2024-06-15 05:00:00+00:00,2.0735e-05,2.098e-05,2.041e-05,2.0495e-05,0.0,0.0,0.0
SHIB/USD,2024-06-16 05:00:00+00:00,2.05e-05,2.1075e-05,2.033e-05,2.0505e-05,0.0,0.0,0.0
SHIB/USD,2024-06-17 05:00:00+00:00,2.05e-05,2.0555e-05,1.7105e-05,1.819e-05,0.0,0.0,0.0
SHIB/USD,2024-06-18 05:00:00+00:00,1.82e-05,1.8925e-05,1.72935e-05,1.8865e-05,40147013.426123634,42.0,1.74601e-05
SHIB/USD,2024-06-19 05:00:00+00:00,1.887e-05,1.8905e-05,1.762e-05,1.8425e-05,246151042.3081,209.0,1.80777e-05
SHIB/USD,2024-06-20 05:00:00+00:00,1.843e-05,1.8995e-05,1.78e-05,1.8085e-05,32395810.752671745,38.0,1.81992e-05
SHIB/USD,2024-06-21 05:00:00+00:00,1.8075e-05,1.8105e-05,1.7395e-05,1.7995e-05,23950025.0,21.0,1.78032e-05
SHIB/USD,2024-06-22 05:00:00+00:00,1.799e-05,1.832e-05,1.788e-05,1.811e-05,19799657.4525,17.0,1.81283e-05
SHIB/USD,2024-06-23 05:00:00+00:00,1.8115e-05,1.8175e-05,1.7215e-05,1.73e-05,0.0,0.0,0.0
SHIB/USD,2024-06-24 05:00:00+00:00,1.729e-05,1.7655e-05,1.6355e-05,1.749e-05,18823816.71199285,24.0,1.69062e-05
SHIB/USD,2024-06-25 05:00:00+00:00,1.7515e-05,1.822e-05,1.7045e-05,1.765e-05,5578023.0,4.0,1.8064e-05
SHIB/USD,2024-06-26 05:00:00+00:00,1.764e-05,1.7745e-05,1.7025e-05,1.7175e-05,1377484.482932205,5.0,1.75031e-05
SHIB/USD,2024-06-27 05:00:00+00:00,1.7175e-05,1.77e-05,1.676e-05,1.742e-05,15459180.301422536,19.0,1.71696e-05
SHIB/USD,2024-06-28 05:00:00+00:00,1.7395e-05,1.799e-05,1.679e-05,1.7045e-05,2369778.7198021347,4.0,1.71776e-05
SHIB/USD,2024-06-29 05:00:00+00:00,1.705e-05,1.7225e-05,1.6605e-05,1.6675e-05,0.0,0.0,0.0
SHIB/USD,2024-06-30 05:00:00+00:00,1.667e-05,1.758e-05,1.6635e-05,1.741e-05,1524305.559864234,3.0,1.69838e-05
SHIB/USD,2024-07-01 05:00:00+00:00,1.7395e-05,1.7445e-05,1.6935e-05,1.7165e-05,0.0,0.0,0.0
SHIB/USD,2024-07-02 05:00:00+00:00,1.7165e-05,1.742e-05,1.679e-05,1.684e-05,1443309.410811435,2.0,1.69337e-05
SHIB/USD,2024-07-03 05:00:00+00:00,1.684e-05,1.698e-05,1.549e-05,1.5915e-05,1303380.0,2.0,1.64498e-05
SHIB/USD,2024-07-04 05:00:00+00:00,1.591e-05,1.5915e-05,1.287e-05,1.334e-05,1300121.55,3.0,1.516e-05
SHIB/USD,2024-07-05 05:00:00+00:00,1.3305e-05,1.551e-05,1.294e-05,1.489e-05,3766376.336632653,9.0,1.39767e-05
SHIB/USD,2024-07-06 05:00:00+00:00,1.4905e-05,1.7545e-05,1.487e-05,1.647e-05,428109.400980662,5.0,1.64507e-05
SHIB/USD,2024-07-07 05:00:00+00:00,1.646e-05,1.6775e-05,1.4755e-05,1.5795e-05,9969592.045183625,10.0,1.60383e-05
SHIB/USD,2024-07-08 05:00:00+00:00,1.579e-05,1.7055e-05,1.57e-05,1.643e-05,6446988.37634547,11.0,1.6259e-05
SHIB/USD,2024-07-09 05:00:00+00:00,1.6415e-05,1.6845e-05,1.6035e-05,1.6775e-05,0.0,0.0,0.0
SHIB/USD,2024-07-10 05:00:00+00:00,1.679e-05,1.687e-05,1.6165e-05,1.6395e-05,507335.37654696,5.0,1.66544e-05
SHIB/USD,2024-07-11 05:00:00+00:00,1.639e-05,1.7025e-05,1.5873e-05,1.6115e-05,17321371.06464983,16.0,1.61653e-05
SHIB/USD,2024-07-12 05:00:00+00:00,1.6115e-05,1.6715e-05,1.578e-05,1.6635e-05,3000000.0,4.0,1.65044e-05
SHIB/USD,2024-07-13 05:00:00+00:00,1.6615e-05,1.7455e-05,1.6595e-05,1.7445e-05,19790318.772136953,31.0,1.72113e-05
SHIB/USD,2024-07-14 05:00:00+00:00,1.745e-05,1.8135e-05,1.7065e-05,1.795e-05,219223.6275,2.0,1.72952e-05
SHIB/USD,2024-07-15 05:00:00+00:00,1.794e-05,2.0145e-05,1.7715e-05,1.9725e-05,6909645.451768873,6.0,1.87397e-05
SHIB/USD,2024-07-16 05:00:00+00:00,1.9725e-05,1.985e-05,1.8415e-05,1.965e-05,1222350.37554696,3.0,1.89582e-05
SHIB/USD,2024-07-17 05:00:00+00:00,1.965e-05,1.967e-05,1.834e-05,1.873e-05,7164354.295956489,7.0,1.85842e-05
SHIB/USD,2024-07-18 05:00:00+00:00,1.8725e-05,1.8905e-05,1.682e-05,1.748e-05,11767800.829706298,10.0,1.73238e-05
SHIB/USD,2024-07-19 05:00:00+00:00,1.747e-05,1.8175e-05,1.703e-05,1.7935e-05,117707.719505007,2.0,1.78401e-05
SHIB/USD,2024-07-20 05:00:00+00:00,1.793e-05,1.846e-05,1.75e-05,1.7935e-05,0.0,0.0,0.0
SHIB/USD,2024-07-21 05:00:00+00:00,1.7925e-05,1.849e-05,1.7045e-05,1.803e-05,27463556.609927792,22.0,1.79683e-05
SHIB/USD,2024-07-22 05:00:00+00:00,1.8025e-05,2.10395e-05,1.7277e-05,1.736e-05,44148870.554049045,28.0,1.76641e-05
SHIB/USD,2024-07-23 05:00:00+00:00,1.7375e-05,1.7535e-05,1.6715e-05,1.7025e-05,797821.809410434,2.0,1.7143e-05
SHIB/USD,2024-07-24 05:00:00+00:00,1.701e-05,1.756e-05,1.601e-05,1.624e-05,0.0,0.0,0.0
SHIB/USD,2024-07-25 05:00:00+00:00,1.6225e-05,1.6895e-05,1.5825e-05,1.6755e-05,0.0,0.0,0.0
SHIB/USD,2024-07-26 05:00:00+00:00,1.6765e-05,1.7235e-05,1.6625e-05,1.718e-05,0.0,0.0,0.0
SHIB/USD,2024-07-27 05:00:00+00:00,1.7185e-05,1.762e-05,1.674e-05,1.6775e-05,0.0,0.0,0.0
SHIB/USD,2024-07-28 05:00:00+00:00,1.6735e-05,1.728e-05,1.6635e-05,1.7135e-05,2604506.7462178958,4.0,1.67786e-05
SHIB/USD,2024-07-29 05:00:00+00:00,1.715e-05,1.7305e-05,1.6485e-05,1.6735e-05,3156241.810223319,6.0,1.66385e-05
SHIB/USD,2024-07-30 05:00:00+00:00,1.6765e-05,1.6845e-05,1.6025e-05,1.6215e-05,0.0,0.0,0.0
SHIB/USD,2024-07-31 05:00:00+00:00,1.6215e-05,1.669e-05,1.5595e-05,1.5665e-05,344295.628877794,2.0,1.60986e-05
SHIB/USD,2024-08-01 05:00:00+00:00,1.5655e-05,1.599e-05,1.4875e-05,1.5515e-05,4417531.23537929,9.0,1.5471e-05
SHIB/USD,2024-08-02 05:00:00+00:00,1.552e-05,1.5725e-05,1.412e-05,1.464e-05,0.0,0.0,0.0
SHIB/USD,2024-08-03 05:00:00+00:00,1.4645e-05,1.483e-05,1.377e-05,1.406e-05,2115697.5,3.0,1.41642e-05
SHIB/USD,2024-08-04 05:00:00+00:00,1.407e-05,1.4215e-05,1.171e-05,1.209e-05,887080.562575527,2.0,1.4069e-05
SHIB/USD,2024-08-05 05:00:00+00:00,1.2065e-05,1.404e-05,1.0681e-05,1.371e-05,142751995.082655,89.0,1.06991e-05
SHIB/USD,2024-08-06 05:00:00+00:00,1.3735e-05,1.3985e-05,1.313e-05,1.372e-05,1068920.583088666,2.0,1.3386e-05
SHIB/USD,2024-08-07 05:00:00+00:00,1.371e-05,1.395e-05,1.265e-05,1.323e-05,0.0,0.0,0.0
SHIB/USD,2024-08-08 05:00:00+00:00,1.326e-05,1.4405e-05,1.316e-05,1.389e-05,6684183.051,4.0,1.40042e-05
SHIB/USD,2024-08-09 05:00:00+00:00,1.388e-05,1.44e-05,1.3685e-05,1.395e-05,39170094.59751009,24.0,1.39927e-05
SHIB/USD,2024-08-10 05:00:00+00:00,1.3935e-05,1.467e-05,1.391e-05,1.4345e-05,20975557.924713414,14.0,1.42965e-05
SHIB/USD,2024-08-11 05:00:00+00:00,1.4345e-05,1.447e-05,1.3275e-05,1.348e-05,20939932.22271702,15.0,1.34269e-05
SHIB/USD,2024-08-12 05:00:00+00:00,1.3485e-05,1.41e-05,1.328e-05,1.372e-05,289805.125,1.0,1.371e-05
SHIB/USD,2024-08-13 05:00:00+00:00,1.3725e-05,1.406e-05,1.35e-05,1.382e-05,1168246.231863642,2.0,1.39285e-05
SHIB/USD,2024-08-14 05:00:00+00:00,1.3815e-05,1.404e-05,1.346e-05,1.363e-05,10935046.265213363,11.0,1.36561e-05
SHIB/USD,2024-08-15 05:00:00+00:00,1.3625e-05,1.88615e-05,1.2923e-05,1.34e-05,252129377.2876712,150.0,1.33446e-05
SHIB/USD,2024-08-16 05:00:00+00:00,1.3385e-05,1.349e-05,1.2915e-05,1.3275e-05,214659.71,1.0,1.319e-05
SHIB/USD,2024-08-17 05:00:00+00:00,1.3275e-05,1.342e-05,1.322e-05,1.329e-05,1518849.28966071,12.0,1.33292e-05
SHIB/USD,2024-08-18 05:00:00+00:00,1.3295e-05,1.3595e-05,1.2936e-05,1.318e-05,57395058.931861766,30.0,1.29598e-05
SHIB/USD,2024-08-19 05:00:00+00:00,1.319e-05,1.878e-05,1.2818e-05,1.373e-05,275945039.77828795,154.0,1.32638e-05
SHIB/USD,2024-08-20 05:00:00+00:00,1.3735e-05,1.88575e-05,1.34e-05,1.368e-05,72777974.59919548,40.0,1.36357e-05
SHIB/USD,2024-08-21 05:00:00+00:00,1.367e-05,1.92695e-05,1.323e-05,1.4065e-05,279622290.72783935,151.0,1.42223e-05
SHIB/USD,2024-08-22 05:00:00+00:00,1.406e-05,1.91525e-05,1.378e-05,1.4215e-05,17838179.286188845,12.0,1.42539e-05
SHIB/USD,2024-08-23 05:00:00+00:00,1.421e-05,1.9703e-05,1.3568e-05,1.519e-05,246414995.2307783,139.0,1.48811e-05
SHIB/USD,2024-08-24 05:00:00+00:00,1.5185e-05,2.4015e-05,1.3054e-05,1.5295e-05,59368014.568126,68.0,1.67264e-05
SHIB/USD,2024-08-25 05:00:00+00:00,1.5285e-05,1.95975e-05,1.3921e-05,1.5065e-05,222079804.09127966,131.0,1.48565e-05
SHIB/USD,2024-08-26 05:00:00+00:00,1.5065e-05,1.93575e-05,1.3932e-05,1.471e-05,11889429.790596668,10.0,1.48385e-05
SHIB/USD,2024-08-27 05:00:00+00:00,1.47e-05,1.91975e-05,1.341e-05,1.377e-05,30079426.267222606,18.0,1.41267e-05
SHIB/USD,2024-08-28 05:00:00+00:00,1.375e-05,1.417e-05,1.3415e-05,1.396e-05,9190174.615283163,10.0,1.39694e-05
SHIB/USD,2024-08-29 05:00:00+00:00,1.396e-05,1.455e-05,1.386e-05,1.396e-05,176756292.06238505,102.0,1.43016e-05
SHIB/USD,2024-08-30 05:00:00+00:00,1.396e-05,1.4225e-05,1.3512e-05,1.4e-05,165816034.18203613,106.0,1.35275e-05
SHIB/USD,2024-08-31 05:00:00+00:00,1.4e-05,1.4e-05,1.362e-05,1.37e-05,760293.451935586,9.0,1.38319e-05
SHIB/USD,2024-09-01 05:00:00+00:00,1.369e-05,1.373e-05,1.308e-05,1.3115e-05,3976946.246470323,13.0,1.33965e-05
SHIB/USD,2024-09-02 05:00:00+00:00,1.313e-05,1.77525e-05,1.30465e-05,1.367e-05,19078413.80810665,38.0,1.34574e-05
SHIB/USD,2024-09-03 05:00:00+00:00,1.366e-05,2.4015e-05,1.245e-05,1.311e-05,5757714.330933736,10.0,1.59922e-05
SHIB/USD,2024-09-04 05:00:00+00:00,1.3105e-05,1.368e-05,1.2985e-05,1.3415e-05,25480080.122459553,10.0,1.35094e-05
SHIB/USD,2024-09-05 05:00:00+00:00,1.342e-05,1.3535e-05,1.3055e-05,1.3295e-05,445864.698252479,6.0,1.3242e-05
SHIB/USD,2024-09-06 05:00:00+00:00,1.3295e-05,1.3445e-05,1.2315e-05,1.2845e-05,688671.493952684,8.0,1.29038e-05
SHIB/USD,2024-09-07 05:00:00+00:00,1.284e-05,1.3035e-05,1.2755e-05,1.2955e-05,705720.974579343,7.0,1.29385e-05
SHIB/USD,2024-09-08 05:00:00+00:00,1.2965e-05,1.3175e-05,1.2825e-05,1.3085e-05,226952.149334731,3.0,1.296e-05
SHIB/USD,2024-09-09 05:00:00+00:00,1.3075e-05,1.3745e-05,1.2975e-05,1.3365e-05,1903485.273641454,15.0,1.33657e-05
SHIB/USD,2024-09-10 05:00:00+00:00,1.3375e-05,1.3685e-05,1.315e-05,1.3195e-05,6820340.476688917,7.0,1.35146e-05
SHIB/USD,2024-09-11 05:00:00+00:00,1.3185e-05,1.3475e-05,1.2935e-05,1.3385e-05,2852944.495065656,6.0,1.30493e-05
SHIB/USD,2024-09-12 05:00:00+00:00,1.3385e-05,1.353e-05,1.3185e-05,1.3395e-05,6744525.059952394,10.0,1.34357e-05
SHIB/USD,2024-09-13 05:00:00+00:00,1.3385e-05,1.4105e-05,1.3385e-05,1.3955e-05,47944886.199543945,47.0,1.39242e-05
SHIB/USD,2024-09-14 05:00:00+00:00,1.3955e-05,1.3965e-05,1.3605e-05,1.3745e-05,37205595.70081908,22.0,1.36829e-05
SHIB/USD,2024-09-15 05:00:00+00:00,1.3745e-05,1.387e-05,1.3065e-05,1.3265e-05,432313.106381683,6.0,1.36072e-05
SHIB/USD,2024-09-16 05:00:00+00:00,1.326e-05,1.3455e-05,1.3005e-05,1.3245e-05,461833.572578856,6.0,1.32414e-05
SHIB/USD,2024-09-17 05:00:00+00:00,1.3255e-05,1.3565e-05,1.3165e-05,1.3295e-05,11153299.28278625,73.0,1.3315e-05
SHIB/USD,2024-09-18 05:00:00+00:00,1.3285e-05,1.3995e-05,1.2965e-05,1.394e-05,25421011.552457985,86.0,1.35712e-05
SHIB/USD,2024-09-19 05:00:00+00:00,1.395e-05,1.456e-05,1.3845e-05,1.4455e-05,24071269.08644502,13.0,1.40045e-05
SHIB/USD,2024-09-20 05:00:00+00:00,1.4465e-05,1.4505e-05,1.4015e-05,1.4165e-05,17451755.09638422,32.0,1.42208e-05
SHIB/USD,2024-09-21 05:00:00+00:00,1.4165e-05,1.507e-05,1.413e-05,1.473e-05,45778294.83486323,29.0,1.47647e-05
SHIB/USD,2024-09-22 05:00:00+00:00,1.473e-05,1.4865e-05,1.4165e-05,1.4725e-05,45222069.16097035,47.0,1.4477e-05
SHIB/USD,2024-09-23 05:00:00+00:00,1.4725e-05,1.4755e-05,1.428e-05,1.437e-05,11042494.017575575,70.0,1.44488e-05
SHIB/USD,2024-09-24 05:00:00+00:00,1.436e-05,1.5085e-05,1.436e-05,1.4905e-05,3099752.345766584,28.0,1.45449e-05
SHIB/USD,2024-09-25 05:00:00+00:00,1.491e-05,1.5755e-05,1.472e-05,1.5515e-05,1826376.543264508,28.0,1.55106e-05
SHIB/USD,2024-09-26 05:00:00+00:00,1.5515e-05,1.939e-05,1.547e-05,1.8945e-05,231151029.38670963,37.0,1.85822e-05
SHIB/USD,2024-09-27 05:00:00+00:00,1.8925e-05,2.163e-05,1.881e-05,2.084e-05,180039230.5178277,82.0,2.05543e-05
SHIB/USD,2024-09-28 05:00:00+00:00,2.085e-05,2.0875e-05,1.9045e-05,1.9865e-05,1032178273.4055334,191.0,2.01526e-05
SHIB/USD,2024-09-29 05:00:00+00:00,1.986e-05,1.9945e-05,1.8355e-05,1.854e-05,258130136.17530033,66.0,1.96759e-05
SHIB/USD,2024-09-30 05:00:00+00:00,1.853e-05,1.89e-05,1.745e-05,1.8305e-05,127097231.52797993,19.0,1.7759e-05
SHIB/USD,2024-10-01 05:00:00+00:00,1.8305e-05,1.862e-05,1.564e-05,1.6655e-05,68042508.77093731,24.0,1.7066e-05
SHIB/USD,2024-10-02 05:00:00+00:00,1.665e-05,5.685e-05,1.5952e-05,1.665e-05,997111772.5151255,24.0,1.60573e-05
SHIB/USD,2024-10-03 05:00:00+00:00,1.665e-05,1.665e-05,1.548e-05,1.6475e-05,11033719.882429212,3.0,1.62013e-05
SHIB/USD,2024-10-04 05:00:00+00:00,1.647e-05,1.7925e-05,1.6455e-05,1.728e-05,67860082.13312998,31.0,1.74756e-05
SHIB/USD,2024-10-05 05:00:00+00:00,1.7305e-05,1.7895e-05,1.6905e-05,1.719e-05,149052284.99933666,20.0,1.71734e-05
SHIB/USD,2024-10-06 05:00:00+00:00,1.717e-05,1.883e-05,1.711e-05,1.8385e-05,9714512.531578597,8.0,1.77359e-05
SHIB/USD,2024-10-07 05:00:00+00:00,1.839e-05,1.864e-05,1.737e-05,1.754e-05,53742894.631064765,17.0,1.8176e-05
SHIB/USD,2024-10-08 05:00:00+00:00,1.752e-05,1.762e-05,1.696e-05,1.745e-05,312997568.7797566,15.0,1.70296e-05
SHIB/USD,2024-10-09 05:00:00+00:00,1.7465e-05,1.8e-05,1.673e-05,1.7045e-05,36514452.215495065,10.0,1.71738e-05
